{"cameraMode":{"drawMode":0,"name":"Shaded","section":"Shading Mode"},"sceneLighting":true,"audioPlay":false,"sceneViewState":{"showFog":true,"showMaterialUpdate":false,"showSkybox":true,"showFlares":true,"showImageEffects":true,"showParticleSystems":true},"in2DMode":false,"pivot":{"x":-0.5710334777832031,"y":11.983928680419922,"z":1.6596378087997437},"rotation":{"x":-0.11314707249403,"y":0.6301028728485107,"z":-0.09349633753299713,"w":-0.7625228762626648},"size":17.283788681030275,"orthographic":false}