{"cameraMode":{"drawMode":0,"name":"Shaded","section":"Shading Mode"},"sceneLighting":true,"audioPlay":false,"sceneViewState":{"showFog":true,"showMaterialUpdate":false,"showSkybox":true,"showFlares":true,"showImageEffects":true,"showParticleSystems":true},"in2DMode":false,"pivot":{"x":-10.482644081115723,"y":15.094456672668457,"z":-2.3448944091796877},"rotation":{"x":0.21580077707767487,"y":0.051232364028692248,"z":-0.011332801543176175,"w":0.9750531315803528},"size":33.86117935180664,"orthographic":false}