{"cameraMode":{"drawMode":0,"name":"Shaded","section":"Shading Mode"},"sceneLighting":false,"audioPlay":false,"sceneViewState":{"showFog":true,"showMaterialUpdate":false,"showSkybox":false,"showFlares":true,"showImageEffects":true,"showParticleSystems":true},"in2DMode":false,"pivot":{"x":-0.23793011903762818,"y":5.237298488616943,"z":-12.274181365966797},"rotation":{"x":-0.13865795731544496,"y":0.68106609582901,"z":-0.13367629051208497,"w":-0.70646071434021},"size":2.8578836917877199,"orthographic":false}