{"cameraMode":{"drawMode":0,"name":"Shaded","section":"Shading Mode"},"sceneLighting":true,"audioPlay":false,"sceneViewState":{"showFog":true,"showMaterialUpdate":false,"showSkybox":true,"showFlares":true,"showImageEffects":true,"showParticleSystems":true},"in2DMode":false,"pivot":{"x":-17.425155639648439,"y":3.668863296508789,"z":-11.70659065246582},"rotation":{"x":-0.12214278429746628,"y":0.4407828450202942,"z":-0.0606808140873909,"w":-0.8872127532958984},"size":50.82113265991211,"orthographic":false}