{"cameraMode":{"drawMode":0,"name":"Shaded","section":"Shading Mode"},"sceneLighting":true,"audioPlay":false,"sceneViewState":{"showFog":true,"showMaterialUpdate":false,"showSkybox":true,"showFlares":true,"showImageEffects":true,"showParticleSystems":true},"in2DMode":false,"pivot":{"x":204.91360473632813,"y":319.5137023925781,"z":-51.1099853515625},"rotation":{"x":-0.23363079130649568,"y":0.0049581825733184818,"z":-0.0011873850598931313,"w":-0.9723293781280518},"size":596.74658203125,"orthographic":false}