{"cameraMode":{"drawMode":0,"name":"Shaded","section":"Shading Mode"},"sceneLighting":true,"audioPlay":false,"sceneViewState":{"showFog":true,"showMaterialUpdate":false,"showSkybox":true,"showFlares":true,"showImageEffects":true,"showParticleSystems":true},"in2DMode":false,"pivot":{"x":-12.152091979980469,"y":-5.3198747634887699,"z":-3.7598609924316408},"rotation":{"x":-0.11311589181423187,"y":0.5101595520973206,"z":-0.06789053231477738,"w":-0.8499204516410828},"size":35.63656234741211,"orthographic":false}