{"cameraMode":{"drawMode":0,"name":"Shaded","section":"Shading Mode"},"sceneLighting":true,"audioPlay":false,"sceneViewState":{"showFog":true,"showMaterialUpdate":false,"showSkybox":true,"showFlares":true,"showImageEffects":true,"showParticleSystems":true},"in2DMode":false,"pivot":{"x":5.224213600158691,"y":4.431284427642822,"z":3.5590639114379885},"rotation":{"x":-0.22889262437820435,"y":-0.054864976555109027,"z":0.012952346354722977,"w":-0.9718466401100159},"size":11.33919906616211,"orthographic":false}