{"cameraMode":{"drawMode":0,"name":"Shaded","section":"Shading Mode"},"sceneLighting":true,"audioPlay":false,"sceneViewState":{"showFog":true,"showMaterialUpdate":false,"showSkybox":true,"showFlares":true,"showImageEffects":true,"showParticleSystems":true},"in2DMode":false,"pivot":{"x":3.571988582611084,"y":-0.5020718574523926,"z":3.2405993938446047},"rotation":{"x":-0.3140568435192108,"y":-0.043558791279792789,"z":0.014430020935833454,"w":-0.9483025074005127},"size":8.241678237915039,"orthographic":false}