{"cameraMode":{"drawMode":0,"name":"Shaded","section":"Shading Mode"},"sceneLighting":true,"audioPlay":false,"sceneViewState":{"showFog":true,"showMaterialUpdate":false,"showSkybox":true,"showFlares":true,"showImageEffects":true,"showParticleSystems":true},"in2DMode":false,"pivot":{"x":-5.943681240081787,"y":2.526923894882202,"z":3.01928448677063},"rotation":{"x":-0.019793348386883737,"y":0.04108124226331711,"z":-0.0007824515923857689,"w":-0.9989926218986511},"size":5.156537055969238,"orthographic":false}